id,name,age,course
1,askjdaskl,1,gtqwewer
2,askjdaskl,2,gtqwewer
3,askjdaskl,3,gtqwewer
4,askjdaskl,4,gtqwewer
5,askjdaskl,5,gtqwewer
6,askjdaskl,6,gtqwewer
7,askjdaskl,7,gtqwewer
8,askjdaskl,8,gtqwewer
9,askjdaskl,9,gtqwewer
10,askjdaskl,10,gtqwewer
11,askjdaskl,11,gtqwewer
12,askjdaskl,12,gtqwewer
13,askjdaskl,13,gtqwewer
14,askjdaskl,14,gtqwewer
15,askjdaskl,15,gtqwewer
16,askjdaskl,16,gtqwewer
17,askjdaskl,17,gtqwewer
18,askjdaskl,18,gtqwewer
19,askjdaskl,19,gtqwewer
20,askjdaskl,20,gtqwewer
21,askjdaskl,21,gtqwewer
22,askjdaskl,22,gtqwewer
23,askjdaskl,23,gtqwewer
24,askjdaskl,24,gtqwewer
25,askjdaskl,25,gtqwewer
26,askjdaskl,26,gtqwewer
27,askjdaskl,27,gtqwewer
28,askjdaskl,28,gtqwewer
29,askjdaskl,29,gtqwewer
30,askjdaskl,30,gtqwewer
31,askjdaskl,31,gtqwewer
32,askjdaskl,32,gtqwewer
33,askjdaskl,33,gtqwewer
34,askjdaskl,34,gtqwewer
35,askjdaskl,35,gtqwewer
36,askjdaskl,36,gtqwewer
